address,unit,number
130 S 18TH ST,1001,1
130 S 18TH ST,1002,2
130 S 18TH ST,1003,3
130 S 18TH ST,1004,4
130 S 18TH ST,1005,5
130 S 18TH ST,1101,6
130 S 18TH ST,1102,7
130 S 18TH ST,1103,8
130 S 18TH ST,1104,9
130 S 18TH ST,1105,10
130 S 18TH ST,1201,11
130 S 18TH ST,1202,12
130 S 18TH ST,1203,13
130 S 18TH ST,1204,14
130 S 18TH ST,1205,15
130 S 18TH ST,1206,16
130 S 18TH ST,1301,17
130 S 18TH ST,1302,18
130 S 18TH ST,1303,19
130 S 18TH ST,1304,20
130 S 18TH ST,1305,21
130 S 18TH ST,1306,22
130 S 18TH ST,1401,23
130 S 18TH ST,1402,24
130 S 18TH ST,1403,25
130 S 18TH ST,1404,26
130 S 18TH ST,1405,27
130 S 18TH ST,1406,28
130 S 18TH ST,1501,29
130 S 18TH ST,1502,30
130 S 18TH ST,1503,31
130 S 18TH ST,1504,32
130 S 18TH ST,1601,33
130 S 18TH ST,1602,34
130 S 18TH ST,1603,35
130 S 18TH ST,1604,36
130 S 18TH ST,1701,37
130 S 18TH ST,1702,38
130 S 18TH ST,1703,39
130 S 18TH ST,1704,40
130 S 18TH ST,1801,41
130 S 18TH ST,1802,42
130 S 18TH ST,1803,43
130 S 18TH ST,1804,44
130 S 18TH ST,1901,45
130 S 18TH ST,1902,46
130 S 18TH ST,1903,47
130 S 18TH ST,1904,48
130 S 18TH ST,2001,49
130 S 18TH ST,2002,50
130 S 18TH ST,2003,51
130 S 18TH ST,2004,52
130 S 18TH ST,2101,53
130 S 18TH ST,2102,54
130 S 18TH ST,2103,55
130 S 18TH ST,2104,56
130 S 18TH ST,2201,57
130 S 18TH ST,2202,58
130 S 18TH ST,2203,59
130 S 18TH ST,2204,60
130 S 18TH ST,2301,61
130 S 18TH ST,2302,62
130 S 18TH ST,2303,63
130 S 18TH ST,2304,64
130 S 18TH ST,2401,65
130 S 18TH ST,2402,66
130 S 18TH ST,2403,67
130 S 18TH ST,2404,68
130 S 18TH ST,2501,69
130 S 18TH ST,2502,70
130 S 18TH ST,2503,71
130 S 18TH ST,2504,72
130 S 18TH ST,2601,73
130 S 18TH ST,2602,74
130 S 18TH ST,2603,75
130 S 18TH ST,2604,76
130 S 18TH ST,2701,77
130 S 18TH ST,2702,78
130 S 18TH ST,2703,79
130 S 18TH ST,2704,80
130 S 18TH ST,2801,81
130 S 18TH ST,2803,82
130 S 18TH ST,2804,83
130 S 18TH ST,2901,84
130 S 18TH ST,2902,85
130 S 18TH ST,2903,86
130 S 18TH ST,2904,87
130 S 18TH ST,3001,88
130 S 18TH ST,3002,89
130 S 18TH ST,3003,90
130 S 18TH ST,3004,91
130 S 18TH ST,3302,92
1701 LOCUST ST,1401,93
1701 LOCUST ST,1402,94
1701 LOCUST ST,1404,95
1701 LOCUST ST,1412,96
1701 LOCUST ST,1414,97
1701 LOCUST ST,1415,98
1701 LOCUST ST,1417,99
1701 LOCUST ST,1501,100
1701 LOCUST ST,1503,101
1701 LOCUST ST,1504,102
1701 LOCUST ST,1507,103
1701 LOCUST ST,1509,104
1701 LOCUST ST,1510,105
1701 LOCUST ST,1512,106
1701 LOCUST ST,1515,107
1701 LOCUST ST,1516,108
1701 LOCUST ST,1602,109
1701 LOCUST ST,1604,110
1701 LOCUST ST,1605,111
1701 LOCUST ST,1609,112
1701 LOCUST ST,1610,113
1701 LOCUST ST,1612,114
1701 LOCUST ST,1614,115
1701 LOCUST ST,1615,116
1701 LOCUST ST,1701,117
1701 LOCUST ST,1704,118
1701 LOCUST ST,1705,119
1701 LOCUST ST,1707,120
1701 LOCUST ST,1709,121
1701 LOCUST ST,1715,122
1701 LOCUST ST,1716,123
1701 LOCUST ST,1803,124
1701 LOCUST ST,1804,125
1701 LOCUST ST,1807,126
1701 LOCUST ST,1809,127
1701 LOCUST ST,1810,128
1701 LOCUST ST,1814,129
1701 LOCUST ST,1816,130
1701 LOCUST ST,1817,131
1701 LOCUST ST,1902,132
1701 LOCUST ST,1905,133
1701 LOCUST ST,1906,134
1701 LOCUST ST,1907,135
1701 LOCUST ST,1909,136
1701 LOCUST ST,1914,137
1701 LOCUST ST,2002,138
1701 LOCUST ST,2003,139
1701 LOCUST ST,2009,140
1701 LOCUST ST,2010,141
1701 LOCUST ST,2012,142
1701 LOCUST ST,2016,143
1701 LOCUST ST,2112,144
1701 LOCUST ST,2117,145
1706 RITTENHOUSE SQ,1001,146
1706 RITTENHOUSE SQ,1101,147
1706 RITTENHOUSE SQ,1201,148
1706 RITTENHOUSE SQ,1301,149
1706 RITTENHOUSE SQ,1401,150
1706 RITTENHOUSE SQ,1501,151
1706 RITTENHOUSE SQ,1601,152
1706 RITTENHOUSE SQ,1701,153
1706 RITTENHOUSE SQ,1801,154
1706 RITTENHOUSE SQ,1901,155
1706 RITTENHOUSE SQ,2001,156
1706 RITTENHOUSE SQ,201,157
1706 RITTENHOUSE SQ,2101,158
1706 RITTENHOUSE SQ,2201,159
1706 RITTENHOUSE SQ,2301,160
1706 RITTENHOUSE SQ,2401,161
1706 RITTENHOUSE SQ,2501,162
1706 RITTENHOUSE SQ,2601,163
1706 RITTENHOUSE SQ,2701,164
1706 RITTENHOUSE SQ,2801,165
1706 RITTENHOUSE SQ,2901,166
1706 RITTENHOUSE SQ,301,167
1706 RITTENHOUSE SQ,3100,168
1706 RITTENHOUSE SQ,401,169
1706 RITTENHOUSE SQ,402,170
1706 RITTENHOUSE SQ,501,171
1706 RITTENHOUSE SQ,502,172
1706 RITTENHOUSE SQ,601,173
1706 RITTENHOUSE SQ,701,174
1706 RITTENHOUSE SQ,801,175
1706 RITTENHOUSE SQ,901,176
1806 RITTENHOUSE SQ,1702,177
1810 RITTENHOUSE SQ,1002,178
1810 RITTENHOUSE SQ,1004,179
1810 RITTENHOUSE SQ,1005,180
1810 RITTENHOUSE SQ,1008,181
1810 RITTENHOUSE SQ,1011,182
1810 RITTENHOUSE SQ,1012,183
1810 RITTENHOUSE SQ,1104,184
1810 RITTENHOUSE SQ,1106,185
1810 RITTENHOUSE SQ,1107,186
1810 RITTENHOUSE SQ,1201,187
1810 RITTENHOUSE SQ,1209,188
1810 RITTENHOUSE SQ,1211,189
1810 RITTENHOUSE SQ,1404,190
1810 RITTENHOUSE SQ,1405,191
1810 RITTENHOUSE SQ,1406,192
1810 RITTENHOUSE SQ,1409,193
1810 RITTENHOUSE SQ,1411,194
1810 RITTENHOUSE SQ,1412,195
1810 RITTENHOUSE SQ,1502,196
1810 RITTENHOUSE SQ,1503,197
1810 RITTENHOUSE SQ,1505,198
1810 RITTENHOUSE SQ,1602,199
1810 RITTENHOUSE SQ,1603,200
1810 RITTENHOUSE SQ,1605,201
1810 RITTENHOUSE SQ,1606,202
1810 RITTENHOUSE SQ,1607,203
1810 RITTENHOUSE SQ,1608,204
1810 RITTENHOUSE SQ,1610,205
1810 RITTENHOUSE SQ,1701,206
1810 RITTENHOUSE SQ,1703,207
1810 RITTENHOUSE SQ,1708,208
1810 RITTENHOUSE SQ,1801,209
1810 RITTENHOUSE SQ,1803,210
1810 RITTENHOUSE SQ,1806,211
1810 RITTENHOUSE SQ,1807,212
1810 RITTENHOUSE SQ,1810,213
1810 RITTENHOUSE SQ,1905,214
1810 RITTENHOUSE SQ,1910,215
1810 RITTENHOUSE SQ,2005,216
1810 RITTENHOUSE SQ,2006,217
1810 RITTENHOUSE SQ,2009,218
1810 RITTENHOUSE SQ,204,219
1810 RITTENHOUSE SQ,205,220
1810 RITTENHOUSE SQ,206,221
1810 RITTENHOUSE SQ,207,222
1810 RITTENHOUSE SQ,208,223
1810 RITTENHOUSE SQ,209,224
1810 RITTENHOUSE SQ,210,225
1810 RITTENHOUSE SQ,2102,226
1810 RITTENHOUSE SQ,2103,227
1810 RITTENHOUSE SQ,2104,228
1810 RITTENHOUSE SQ,2108,229
1810 RITTENHOUSE SQ,2110,230
1810 RITTENHOUSE SQ,301,231
1810 RITTENHOUSE SQ,302,232
1810 RITTENHOUSE SQ,303,233
1810 RITTENHOUSE SQ,304,234
1810 RITTENHOUSE SQ,306,235
1810 RITTENHOUSE SQ,310,236
1810 RITTENHOUSE SQ,311,237
1810 RITTENHOUSE SQ,312,238
1810 RITTENHOUSE SQ,313,239
1810 RITTENHOUSE SQ,402,240
1810 RITTENHOUSE SQ,403,241
1810 RITTENHOUSE SQ,405,242
1810 RITTENHOUSE SQ,406,243
1810 RITTENHOUSE SQ,408,244
1810 RITTENHOUSE SQ,411,245
1810 RITTENHOUSE SQ,504,246
1810 RITTENHOUSE SQ,505,247
1810 RITTENHOUSE SQ,506,248
1810 RITTENHOUSE SQ,507,249
1810 RITTENHOUSE SQ,508,250
1810 RITTENHOUSE SQ,509,251
1810 RITTENHOUSE SQ,510,252
1810 RITTENHOUSE SQ,513,253
1810 RITTENHOUSE SQ,603,254
1810 RITTENHOUSE SQ,604,255
1810 RITTENHOUSE SQ,607,256
1810 RITTENHOUSE SQ,608,257
1810 RITTENHOUSE SQ,612,258
1810 RITTENHOUSE SQ,703,259
1810 RITTENHOUSE SQ,711,260
1810 RITTENHOUSE SQ,712,261
1810 RITTENHOUSE SQ,713,262
1810 RITTENHOUSE SQ,801,263
1810 RITTENHOUSE SQ,802,264
1810 RITTENHOUSE SQ,807,265
1810 RITTENHOUSE SQ,808,266
1810 RITTENHOUSE SQ,810,267
1810 RITTENHOUSE SQ,905,268
1810 RITTENHOUSE SQ,906,269
1810 RITTENHOUSE SQ,907,270
1810 RITTENHOUSE SQ,909,271
1810 RITTENHOUSE SQ,910,272
1810 RITTENHOUSE SQ,911,273
1813 SPRUCE ST,1F,274
1813 SPRUCE ST,1R,275
1813 SPRUCE ST,2F,276
1813 SPRUCE ST,2R,277
1813 SPRUCE ST,3F,278
1813 SPRUCE ST,3R,279
1813 SPRUCE ST,4R,280
1820 RITTENHOUSE SQ,1001,281
1820 RITTENHOUSE SQ,1002,282
1820 RITTENHOUSE SQ,1101,283
1820 RITTENHOUSE SQ,1102,284
1820 RITTENHOUSE SQ,1201,285
1820 RITTENHOUSE SQ,1202,286
1820 RITTENHOUSE SQ,1401,287
1820 RITTENHOUSE SQ,1402,288
1820 RITTENHOUSE SQ,1501,289
1820 RITTENHOUSE SQ,1502,290
1820 RITTENHOUSE SQ,1601,291
1820 RITTENHOUSE SQ,1602,292
1820 RITTENHOUSE SQ,1701,293
1820 RITTENHOUSE SQ,1702,294
1820 RITTENHOUSE SQ,1802,295
1820 RITTENHOUSE SQ,301,296
1820 RITTENHOUSE SQ,302,297
1820 RITTENHOUSE SQ,401,298
1820 RITTENHOUSE SQ,402,299
1820 RITTENHOUSE SQ,501,300
1820 RITTENHOUSE SQ,502,301
1820 RITTENHOUSE SQ,601,302
1820 RITTENHOUSE SQ,602,303
1820 RITTENHOUSE SQ,701,304
1820 RITTENHOUSE SQ,702,305
1820 RITTENHOUSE SQ,801,306
1820 RITTENHOUSE SQ,802,307
1820 RITTENHOUSE SQ,901,308
1820 RITTENHOUSE SQ,902,309
1820 RITTENHOUSE SQ,PH1,310
1820 RITTENHOUSE SQ,PH2,311
1821 SPRUCE ST,1,312
1821 SPRUCE ST,2,313
1821 SPRUCE ST,3,314
1821 SPRUCE ST,4,315
1821 SPRUCE ST,5,316
1830 RITTENHOUSE SQ,10A,317
1830 RITTENHOUSE SQ,10B,318
1830 RITTENHOUSE SQ,11A,319
1830 RITTENHOUSE SQ,11C,320
1830 RITTENHOUSE SQ,12A,321
1830 RITTENHOUSE SQ,12B,322
1830 RITTENHOUSE SQ,12C,323
1830 RITTENHOUSE SQ,12D,324
1830 RITTENHOUSE SQ,14A,325
1830 RITTENHOUSE SQ,14B,326
1830 RITTENHOUSE SQ,15A,327
1830 RITTENHOUSE SQ,15B,328
1830 RITTENHOUSE SQ,16A,329
1830 RITTENHOUSE SQ,16B,330
1830 RITTENHOUSE SQ,16C,331
1830 RITTENHOUSE SQ,17A,332
1830 RITTENHOUSE SQ,17B,333
1830 RITTENHOUSE SQ,17C,334
1830 RITTENHOUSE SQ,19A,335
1830 RITTENHOUSE SQ,19B,336
1830 RITTENHOUSE SQ,1A,337
1830 RITTENHOUSE SQ,1B,338
1830 RITTENHOUSE SQ,1C,339
1830 RITTENHOUSE SQ,1D,340
1830 RITTENHOUSE SQ,1E,341
1830 RITTENHOUSE SQ,2A,342
1830 RITTENHOUSE SQ,2B,343
1830 RITTENHOUSE SQ,2C,344
1830 RITTENHOUSE SQ,2D,345
1830 RITTENHOUSE SQ,3A,346
1830 RITTENHOUSE SQ,3B,347
1830 RITTENHOUSE SQ,4A,348
1830 RITTENHOUSE SQ,4B,349
1830 RITTENHOUSE SQ,5A,350
1830 RITTENHOUSE SQ,5B,351
1830 RITTENHOUSE SQ,6A,352
1830 RITTENHOUSE SQ,6B,353
1830 RITTENHOUSE SQ,7A,354
1830 RITTENHOUSE SQ,7B,355
1830 RITTENHOUSE SQ,7C,356
1830 RITTENHOUSE SQ,8A,357
1830 RITTENHOUSE SQ,8B,358
1830 RITTENHOUSE SQ,8C,359
1830 RITTENHOUSE SQ,9A,360
1830 RITTENHOUSE SQ,9B,361
1830 RITTENHOUSE SQ,9C,362
1900 RITTENHOUSE SQ,10AA,363
1900 RITTENHOUSE SQ,10B,364
1900 RITTENHOUSE SQ,10C,365
1900 RITTENHOUSE SQ,11A,366
1900 RITTENHOUSE SQ,11B,367
1900 RITTENHOUSE SQ,12A,368
1900 RITTENHOUSE SQ,12B,369
1900 RITTENHOUSE SQ,13A,370
1900 RITTENHOUSE SQ,13B,371
1900 RITTENHOUSE SQ,14A,372
1900 RITTENHOUSE SQ,14B,373
1900 RITTENHOUSE SQ,15A,374
1900 RITTENHOUSE SQ,15B,375
1900 RITTENHOUSE SQ,16A,376
1900 RITTENHOUSE SQ,16B,377
1900 RITTENHOUSE SQ,16C,378
1900 RITTENHOUSE SQ,16D,379
1900 RITTENHOUSE SQ,17AA,380
1900 RITTENHOUSE SQ,17BB,381
1900 RITTENHOUSE SQ,18A,382
1900 RITTENHOUSE SQ,18B,383
1900 RITTENHOUSE SQ,19A,384
1900 RITTENHOUSE SQ,2A,385
1900 RITTENHOUSE SQ,2B,386
1900 RITTENHOUSE SQ,2C,387
1900 RITTENHOUSE SQ,3A,388
1900 RITTENHOUSE SQ,3B,389
1900 RITTENHOUSE SQ,3C,390
1900 RITTENHOUSE SQ,4A,391
1900 RITTENHOUSE SQ,4B,392
1900 RITTENHOUSE SQ,4C,393
1900 RITTENHOUSE SQ,5AA,394
1900 RITTENHOUSE SQ,5B,395
1900 RITTENHOUSE SQ,6A,396
1900 RITTENHOUSE SQ,6BB,397
1900 RITTENHOUSE SQ,7A,398
1900 RITTENHOUSE SQ,7B,399
1900 RITTENHOUSE SQ,7C,400
1900 RITTENHOUSE SQ,8A,401
1900 RITTENHOUSE SQ,8B,402
1900 RITTENHOUSE SQ,9A,403
1900 RITTENHOUSE SQ,9B,404
1903 SPRUCE ST,1A,405
1903 SPRUCE ST,1B,406
1903 SPRUCE ST,2C,407
1903 SPRUCE ST,2D,408
1903 SPRUCE ST,3E,409
1903 SPRUCE ST,3F,410
1931 SPRUCE ST,1A,411
1931 SPRUCE ST,1B,412
1931 SPRUCE ST,1C,413
1931 SPRUCE ST,2A,414
1931 SPRUCE ST,2B,415
1931 SPRUCE ST,3A,416
1931 SPRUCE ST,3B,417
1931 SPRUCE ST,4A,418
1935 MANNING ST,A,419
1935 MANNING ST,B,420
1953 LOCUST ST,1,421
1953 LOCUST ST,2,422
1953 LOCUST ST,3,423
1953 LOCUST ST,4,424
210 W RITTENHOUSE SQ STE,1901,425
210 W RITTENHOUSE SQ,1006,426
210 W RITTENHOUSE SQ,1101,427
210 W RITTENHOUSE SQ,1107,428
210 W RITTENHOUSE SQ,1109,429
210 W RITTENHOUSE SQ,1201,430
210 W RITTENHOUSE SQ,1204,431
210 W RITTENHOUSE SQ,1205,432
210 W RITTENHOUSE SQ,1207,433
210 W RITTENHOUSE SQ,1208,434
210 W RITTENHOUSE SQ,1401,435
210 W RITTENHOUSE SQ,1404,436
210 W RITTENHOUSE SQ,1405,437
210 W RITTENHOUSE SQ,1406,438
210 W RITTENHOUSE SQ,1407,439
210 W RITTENHOUSE SQ,1409,440
210 W RITTENHOUSE SQ,1505,441
210 W RITTENHOUSE SQ,1508,442
210 W RITTENHOUSE SQ,1509,443
210 W RITTENHOUSE SQ,1601,444
210 W RITTENHOUSE SQ,1602,445
210 W RITTENHOUSE SQ,1603,446
210 W RITTENHOUSE SQ,1606,447
210 W RITTENHOUSE SQ,1608,448
210 W RITTENHOUSE SQ,1609,449
210 W RITTENHOUSE SQ,1701,450
210 W RITTENHOUSE SQ,1705,451
210 W RITTENHOUSE SQ,1706,452
210 W RITTENHOUSE SQ,1707,453
210 W RITTENHOUSE SQ,1708,454
210 W RITTENHOUSE SQ,1709,455
210 W RITTENHOUSE SQ,1801,456
210 W RITTENHOUSE SQ,1804,457
210 W RITTENHOUSE SQ,1805,458
210 W RITTENHOUSE SQ,1809,459
210 W RITTENHOUSE SQ,2007,460
210 W RITTENHOUSE SQ,2101,461
210 W RITTENHOUSE SQ,2104,462
210 W RITTENHOUSE SQ,2201,463
210 W RITTENHOUSE SQ,2205,464
210 W RITTENHOUSE SQ,2207,465
210 W RITTENHOUSE SQ,2208,466
210 W RITTENHOUSE SQ,2301,467
210 W RITTENHOUSE SQ,2302,468
210 W RITTENHOUSE SQ,2303,469
210 W RITTENHOUSE SQ,2305,470
210 W RITTENHOUSE SQ,2307,471
210 W RITTENHOUSE SQ,2308,472
210 W RITTENHOUSE SQ,2401,473
210 W RITTENHOUSE SQ,2404,474
210 W RITTENHOUSE SQ,2405,475
210 W RITTENHOUSE SQ,2406,476
210 W RITTENHOUSE SQ,2407,477
210 W RITTENHOUSE SQ,2408,478
210 W RITTENHOUSE SQ,2503,479
210 W RITTENHOUSE SQ,2504,480
210 W RITTENHOUSE SQ,2505,481
210 W RITTENHOUSE SQ,2506,482
210 W RITTENHOUSE SQ,2507,483
210 W RITTENHOUSE SQ,2508,484
210 W RITTENHOUSE SQ,2601,485
210 W RITTENHOUSE SQ,2602,486
210 W RITTENHOUSE SQ,2606,487
210 W RITTENHOUSE SQ,2607,488
210 W RITTENHOUSE SQ,2608,489
210 W RITTENHOUSE SQ,2701,490
210 W RITTENHOUSE SQ,2703,491
210 W RITTENHOUSE SQ,2705,492
210 W RITTENHOUSE SQ,2706,493
210 W RITTENHOUSE SQ,2708,494
210 W RITTENHOUSE SQ,2801,495
210 W RITTENHOUSE SQ,2805,496
210 W RITTENHOUSE SQ,2806,497
210 W RITTENHOUSE SQ,2906,498
210 W RITTENHOUSE SQ,3003,499
210 W RITTENHOUSE SQ,3202,500
210 W RITTENHOUSE SQ,3203,501
210 W RITTENHOUSE SQ,3303,502
210 W RITTENHOUSE SQ,3305,503
210 W RITTENHOUSE SQ,3306,504
219 S 18TH ST,PHG,505
220 W RITTENHOUSE SQ,10A,506
220 W RITTENHOUSE SQ,10B,507
220 W RITTENHOUSE SQ,10C,508
220 W RITTENHOUSE SQ,10D,509
220 W RITTENHOUSE SQ,10E,510
220 W RITTENHOUSE SQ,10F,511
220 W RITTENHOUSE SQ,11A,512
220 W RITTENHOUSE SQ,11B,513
220 W RITTENHOUSE SQ,11C,514
220 W RITTENHOUSE SQ,11D,515
220 W RITTENHOUSE SQ,11E,516
220 W RITTENHOUSE SQ,11F,517
220 W RITTENHOUSE SQ,12A,518
220 W RITTENHOUSE SQ,12B,519
220 W RITTENHOUSE SQ,12C,520
220 W RITTENHOUSE SQ,12D,521
220 W RITTENHOUSE SQ,14A,522
220 W RITTENHOUSE SQ,14B,523
220 W RITTENHOUSE SQ,14C,524
220 W RITTENHOUSE SQ,14D,525
220 W RITTENHOUSE SQ,15A,526
220 W RITTENHOUSE SQ,15B,527
220 W RITTENHOUSE SQ,15C,528
220 W RITTENHOUSE SQ,15D,529
220 W RITTENHOUSE SQ,16A,530
220 W RITTENHOUSE SQ,16B,531
220 W RITTENHOUSE SQ,16C,532
220 W RITTENHOUSE SQ,16D,533
220 W RITTENHOUSE SQ,17A,534
220 W RITTENHOUSE SQ,17B,535
220 W RITTENHOUSE SQ,17C,536
220 W RITTENHOUSE SQ,18A,537
220 W RITTENHOUSE SQ,18B,538
220 W RITTENHOUSE SQ,18C,539
220 W RITTENHOUSE SQ,19A,540
220 W RITTENHOUSE SQ,19B,541
220 W RITTENHOUSE SQ,19C,542
220 W RITTENHOUSE SQ,20A,543
220 W RITTENHOUSE SQ,20B,544
220 W RITTENHOUSE SQ,20C,545
220 W RITTENHOUSE SQ,21A,546
220 W RITTENHOUSE SQ,21B,547
220 W RITTENHOUSE SQ,21C,548
220 W RITTENHOUSE SQ,22A,549
220 W RITTENHOUSE SQ,22B,550
220 W RITTENHOUSE SQ,22C,551
220 W RITTENHOUSE SQ,23A,552
220 W RITTENHOUSE SQ,23B,553
220 W RITTENHOUSE SQ,23C,554
220 W RITTENHOUSE SQ,24,555
220 W RITTENHOUSE SQ,25,556
220 W RITTENHOUSE SQ,2A,557
220 W RITTENHOUSE SQ,2B,558
220 W RITTENHOUSE SQ,2C,559
220 W RITTENHOUSE SQ,2D,560
220 W RITTENHOUSE SQ,2E,561
220 W RITTENHOUSE SQ,2F,562
220 W RITTENHOUSE SQ,3A,563
220 W RITTENHOUSE SQ,3B,564
220 W RITTENHOUSE SQ,3C,565
220 W RITTENHOUSE SQ,3D,566
220 W RITTENHOUSE SQ,3E,567
220 W RITTENHOUSE SQ,3F,568
220 W RITTENHOUSE SQ,4A,569
220 W RITTENHOUSE SQ,4B,570
220 W RITTENHOUSE SQ,4C,571
220 W RITTENHOUSE SQ,4D,572
220 W RITTENHOUSE SQ,4E,573
220 W RITTENHOUSE SQ,4F,574
220 W RITTENHOUSE SQ,5A,575
220 W RITTENHOUSE SQ,5B,576
220 W RITTENHOUSE SQ,5C,577
220 W RITTENHOUSE SQ,5D,578
220 W RITTENHOUSE SQ,5E,579
220 W RITTENHOUSE SQ,5F,580
220 W RITTENHOUSE SQ,6A,581
220 W RITTENHOUSE SQ,6B,582
220 W RITTENHOUSE SQ,6C,583
220 W RITTENHOUSE SQ,6D,584
220 W RITTENHOUSE SQ,6E,585
220 W RITTENHOUSE SQ,6F,586
220 W RITTENHOUSE SQ,7A,587
220 W RITTENHOUSE SQ,7B,588
220 W RITTENHOUSE SQ,7C,589
220 W RITTENHOUSE SQ,7D,590
220 W RITTENHOUSE SQ,7E,591
220 W RITTENHOUSE SQ,7F,592
220 W RITTENHOUSE SQ,8A,593
220 W RITTENHOUSE SQ,8B,594
220 W RITTENHOUSE SQ,8C,595
220 W RITTENHOUSE SQ,8D,596
220 W RITTENHOUSE SQ,8E,597
220 W RITTENHOUSE SQ,8F,598
220 W RITTENHOUSE SQ,9A,599
220 W RITTENHOUSE SQ,9B,600
220 W RITTENHOUSE SQ,9C,601
220 W RITTENHOUSE SQ,9D,602
220 W RITTENHOUSE SQ,9E,603
220 W RITTENHOUSE SQ,9F,604
225 S 18TH ST,1002,605
225 S 18TH ST,1004,606
225 S 18TH ST,1005,607
225 S 18TH ST,1006,608
225 S 18TH ST,1008,609
225 S 18TH ST,1009,610
225 S 18TH ST,1010,611
225 S 18TH ST,1014,612
225 S 18TH ST,1016,613
225 S 18TH ST,1017,614
225 S 18TH ST,1018,615
225 S 18TH ST,1102,616
225 S 18TH ST,1103,617
225 S 18TH ST,1105,618
225 S 18TH ST,1106,619
225 S 18TH ST,1110,620
225 S 18TH ST,1114,621
225 S 18TH ST,1118,622
225 S 18TH ST,1120,623
225 S 18TH ST,1122,624
225 S 18TH ST,1202,625
225 S 18TH ST,1204,626
225 S 18TH ST,1205,627
225 S 18TH ST,1206,628
225 S 18TH ST,1208,629
225 S 18TH ST,1210,630
225 S 18TH ST,1212,631
225 S 18TH ST,1215,632
225 S 18TH ST,1216,633
225 S 18TH ST,1219,634
225 S 18TH ST,1220,635
225 S 18TH ST,1221,636
225 S 18TH ST,1222,637
225 S 18TH ST,1405,638
225 S 18TH ST,1406,639
225 S 18TH ST,1408,640
225 S 18TH ST,1410,641
225 S 18TH ST,1412,642
225 S 18TH ST,1416,643
225 S 18TH ST,1418,644
225 S 18TH ST,1419,645
225 S 18TH ST,1421,646
225 S 18TH ST,1423,647
225 S 18TH ST,1424,648
225 S 18TH ST,1502,649
225 S 18TH ST,1505,650
225 S 18TH ST,1508,651
225 S 18TH ST,1510,652
225 S 18TH ST,1514,653
225 S 18TH ST,1518,654
225 S 18TH ST,1519,655
225 S 18TH ST,1520,656
225 S 18TH ST,1523,657
225 S 18TH ST,1524,658
225 S 18TH ST,1601,659
225 S 18TH ST,1608,660
225 S 18TH ST,1610,661
225 S 18TH ST,1615,662
225 S 18TH ST,1618,663
225 S 18TH ST,1619,664
225 S 18TH ST,1621,665
225 S 18TH ST,1623,666
225 S 18TH ST,1624,667
225 S 18TH ST,401,668
225 S 18TH ST,405,669
225 S 18TH ST,406,670
225 S 18TH ST,408,671
225 S 18TH ST,409,672
225 S 18TH ST,410,673
225 S 18TH ST,411C,674
225 S 18TH ST,412,675
225 S 18TH ST,416,676
225 S 18TH ST,418,677
225 S 18TH ST,421,678
225 S 18TH ST,423,679
225 S 18TH ST,505,680
225 S 18TH ST,506,681
225 S 18TH ST,507,682
225 S 18TH ST,508,683
225 S 18TH ST,509,684
225 S 18TH ST,512,685
225 S 18TH ST,514,686
225 S 18TH ST,516,687
225 S 18TH ST,517,688
225 S 18TH ST,518,689
225 S 18TH ST,520,690
225 S 18TH ST,522,691
225 S 18TH ST,523,692
225 S 18TH ST,524,693
225 S 18TH ST,525,694
225 S 18TH ST,526,695
225 S 18TH ST,601,696
225 S 18TH ST,605A,697
226 W RITTENHOUSE SQ,1001,698
226 W RITTENHOUSE SQ,1004,699
226 W RITTENHOUSE SQ,1005,700
226 W RITTENHOUSE SQ,1009,701
226 W RITTENHOUSE SQ,1011,702
226 W RITTENHOUSE SQ,1012,703
226 W RITTENHOUSE SQ,1015A,704
226 W RITTENHOUSE SQ,1016,705
226 W RITTENHOUSE SQ,1018,706
226 W RITTENHOUSE SQ,1102,707
226 W RITTENHOUSE SQ,1106,708
226 W RITTENHOUSE SQ,1108,709
226 W RITTENHOUSE SQ,1111,710
226 W RITTENHOUSE SQ,1114,711
226 W RITTENHOUSE SQ,1201,712
226 W RITTENHOUSE SQ,1202,713
226 W RITTENHOUSE SQ,1203,714
226 W RITTENHOUSE SQ,1206,715
226 W RITTENHOUSE SQ,1207,716
226 W RITTENHOUSE SQ,1208,717
226 W RITTENHOUSE SQ,1210,718
226 W RITTENHOUSE SQ,1212,719
226 W RITTENHOUSE SQ,1213,720
226 W RITTENHOUSE SQ,1215A,721
226 W RITTENHOUSE SQ,1215B,722
226 W RITTENHOUSE SQ,1216,723
226 W RITTENHOUSE SQ,1218,724
226 W RITTENHOUSE SQ,1401,725
226 W RITTENHOUSE SQ,1403,726
226 W RITTENHOUSE SQ,1404,727
226 W RITTENHOUSE SQ,1405,728
226 W RITTENHOUSE SQ,1407,729
226 W RITTENHOUSE SQ,1408,730
226 W RITTENHOUSE SQ,1413,731
226 W RITTENHOUSE SQ,1414,732
226 W RITTENHOUSE SQ,1416,733
226 W RITTENHOUSE SQ,1418,734
226 W RITTENHOUSE SQ,1502,735
226 W RITTENHOUSE SQ,1506,736
226 W RITTENHOUSE SQ,1511,737
226 W RITTENHOUSE SQ,1512,738
226 W RITTENHOUSE SQ,1513,739
226 W RITTENHOUSE SQ,1516,740
226 W RITTENHOUSE SQ,1517,741
226 W RITTENHOUSE SQ,1601,742
226 W RITTENHOUSE SQ,1610,743
226 W RITTENHOUSE SQ,1613,744
226 W RITTENHOUSE SQ,1614,745
226 W RITTENHOUSE SQ,1703,746
226 W RITTENHOUSE SQ,1705,747
226 W RITTENHOUSE SQ,1706,748
226 W RITTENHOUSE SQ,1707,749
226 W RITTENHOUSE SQ,1711,750
226 W RITTENHOUSE SQ,1712,751
226 W RITTENHOUSE SQ,1713,752
226 W RITTENHOUSE SQ,1714,753
226 W RITTENHOUSE SQ,1716,754
226 W RITTENHOUSE SQ,1802,755
226 W RITTENHOUSE SQ,1804,756
226 W RITTENHOUSE SQ,1805,757
226 W RITTENHOUSE SQ,1807,758
226 W RITTENHOUSE SQ,1810,759
226 W RITTENHOUSE SQ,1811,760
226 W RITTENHOUSE SQ,1812,761
226 W RITTENHOUSE SQ,1818,762
226 W RITTENHOUSE SQ,1902,763
226 W RITTENHOUSE SQ,1904,764
226 W RITTENHOUSE SQ,1905,765
226 W RITTENHOUSE SQ,1908,766
226 W RITTENHOUSE SQ,1909,767
226 W RITTENHOUSE SQ,1911,768
226 W RITTENHOUSE SQ,1912,769
226 W RITTENHOUSE SQ,1917,770
226 W RITTENHOUSE SQ,2001,771
226 W RITTENHOUSE SQ,2005,772
226 W RITTENHOUSE SQ,203,773
226 W RITTENHOUSE SQ,204,774
226 W RITTENHOUSE SQ,207,775
226 W RITTENHOUSE SQ,208,776
226 W RITTENHOUSE SQ,210,777
226 W RITTENHOUSE SQ,2102,778
226 W RITTENHOUSE SQ,2105,779
226 W RITTENHOUSE SQ,2106,780
226 W RITTENHOUSE SQ,2109,781
226 W RITTENHOUSE SQ,211,782
226 W RITTENHOUSE SQ,2112,783
226 W RITTENHOUSE SQ,2113,784
226 W RITTENHOUSE SQ,212,785
226 W RITTENHOUSE SQ,215,786
226 W RITTENHOUSE SQ,217,787
226 W RITTENHOUSE SQ,218,788
226 W RITTENHOUSE SQ,2201,789
226 W RITTENHOUSE SQ,2202,790
226 W RITTENHOUSE SQ,2206,791
226 W RITTENHOUSE SQ,2207,792
226 W RITTENHOUSE SQ,2208,793
226 W RITTENHOUSE SQ,2209,794
226 W RITTENHOUSE SQ,2211,795
226 W RITTENHOUSE SQ,2212,796
237 S 18TH ST,10A,797
237 S 18TH ST,11B,798
237 S 18TH ST,11D,799
237 S 18TH ST,13D,800
237 S 18TH ST,13E,801
237 S 18TH ST,14A,802
237 S 18TH ST,14B,803
237 S 18TH ST,14C,804
237 S 18TH ST,14E,805
237 S 18TH ST,15A,806
237 S 18TH ST,15B,807
237 S 18TH ST,15D,808
237 S 18TH ST,16A,809
237 S 18TH ST,16B,810
237 S 18TH ST,17C,811
237 S 18TH ST,17D,812
237 S 18TH ST,18B,813
237 S 18TH ST,18B1,814
237 S 18TH ST,18C,815
237 S 18TH ST,19B,816
237 S 18TH ST,19C,817
237 S 18TH ST,19E,818
237 S 18TH ST,20A,819
237 S 18TH ST,20B,820
237 S 18TH ST,20C,821
237 S 18TH ST,21A,822
237 S 18TH ST,21B,823
237 S 18TH ST,21D,824
237 S 18TH ST,22A,825
237 S 18TH ST,22C,826
237 S 18TH ST,2A,827
237 S 18TH ST,2B,828
237 S 18TH ST,2D,829
237 S 18TH ST,3A,830
237 S 18TH ST,3B,831
237 S 18TH ST,3C,832
237 S 18TH ST,3E,833
237 S 18TH ST,4B,834
237 S 18TH ST,4D,835
237 S 18TH ST,4E,836
237 S 18TH ST,5A,837
237 S 18TH ST,5B,838
237 S 18TH ST,5D,839
237 S 18TH ST,5F,840
237 S 18TH ST,6B,841
237 S 18TH ST,6C,842
237 S 18TH ST,6D,843
237 S 18TH ST,6E,844
237 S 18TH ST,6F,845
237 S 18TH ST,7B,846
237 S 18TH ST,7D,847
237 S 18TH ST,7E,848
237 S 18TH ST,8A,849
237 S 18TH ST,8B,850
237 S 18TH ST,8C,851
237 S 18TH ST,8D,852
237 S 18TH ST,8E,853
237 S 18TH ST,9A,854
237 S 18TH ST,9B,855
237 S 18TH ST,9C,856
237 S 18TH ST,9D,857
250 S 17TH ST,100,858
250 S 17TH ST,1000,859
250 S 17TH ST,101,860
250 S 17TH ST,1100,861
250 S 17TH ST,1101,862
250 S 17TH ST,1200,863
250 S 17TH ST,1201,864
250 S 17TH ST,1400,865
250 S 17TH ST,1401,866
250 S 17TH ST,1500,867
250 S 17TH ST,1501,868
250 S 17TH ST,1600,869
250 S 17TH ST,1601,870
250 S 17TH ST,1700,871
250 S 17TH ST,201,872
250 S 17TH ST,300,873
250 S 17TH ST,301,874
250 S 17TH ST,400,875
250 S 17TH ST,401,876
250 S 17TH ST,500,877
250 S 17TH ST,501,878
250 S 17TH ST,600,879
250 S 17TH ST,601,880
250 S 17TH ST,700,881
250 S 17TH ST,701,882
250 S 17TH ST,800,883
250 S 17TH ST,801,884
250 S 17TH ST,900,885
250 S 17TH ST,901,886
250 S 18TH ST,1001,887
250 S 18TH ST,101,888
250 S 18TH ST,102,889
250 S 18TH ST,1101,890
250 S 18TH ST,1201,891
250 S 18TH ST,1301,892
250 S 18TH ST,1302,893
250 S 18TH ST,1401,894
250 S 18TH ST,1501,895
250 S 18TH ST,1502,896
250 S 18TH ST,1601,897
250 S 18TH ST,1602,898
250 S 18TH ST,201,899
250 S 18TH ST,202,900
250 S 18TH ST,301,901
250 S 18TH ST,401,902
250 S 18TH ST,402,903
250 S 18TH ST,501,904
250 S 18TH ST,502,905
250 S 18TH ST,701,906
250 S 18TH ST,702,907
250 S 18TH ST,801,908
250 S 18TH ST,802,909
250 S 18TH ST,901,910
250 S 18TH ST,902,911
265 S 19TH ST,100,912
265 S 19TH ST,200,913
265 S 19TH ST,A,914
